<?xml version="1.0"?>
<!DOCTYPE ipe SYSTEM "ipe.dtd">
<ipe version="70218" creator="Ipe 7.2.24">
<info created="D:20220120165936" modified="D:20220120170427"/>
<preamble>\usepackage{rotating}</preamble>
<ipestyle name="basic">
<symbol name="arrow/arc(spx)">
<path stroke="sym-stroke" fill="sym-stroke" pen="sym-pen">
0 0 m
-1 0.333 l
-1 -0.333 l
h
</path>
</symbol>
<symbol name="arrow/farc(spx)">
<path stroke="sym-stroke" fill="white" pen="sym-pen">
0 0 m
-1 0.333 l
-1 -0.333 l
h
</path>
</symbol>
<symbol name="arrow/ptarc(spx)">
<path stroke="sym-stroke" fill="sym-stroke" pen="sym-pen">
0 0 m
-1 0.333 l
-0.8 0 l
-1 -0.333 l
h
</path>
</symbol>
<symbol name="arrow/fptarc(spx)">
<path stroke="sym-stroke" fill="white" pen="sym-pen">
0 0 m
-1 0.333 l
-0.8 0 l
-1 -0.333 l
h
</path>
</symbol>
<symbol name="mark/circle(sx)" transformations="translations">
<path fill="sym-stroke">
0.6 0 0 0.6 0 0 e
0.4 0 0 0.4 0 0 e
</path>
</symbol>
<symbol name="mark/disk(sx)" transformations="translations">
<path fill="sym-stroke">
0.6 0 0 0.6 0 0 e
</path>
</symbol>
<symbol name="mark/fdisk(sfx)" transformations="translations">
<group>
<path fill="sym-fill">
0.5 0 0 0.5 0 0 e
</path>
<path fill="sym-stroke" fillrule="eofill">
0.6 0 0 0.6 0 0 e
0.4 0 0 0.4 0 0 e
</path>
</group>
</symbol>
<symbol name="mark/box(sx)" transformations="translations">
<path fill="sym-stroke" fillrule="eofill">
-0.6 -0.6 m
0.6 -0.6 l
0.6 0.6 l
-0.6 0.6 l
h
-0.4 -0.4 m
0.4 -0.4 l
0.4 0.4 l
-0.4 0.4 l
h
</path>
</symbol>
<symbol name="mark/square(sx)" transformations="translations">
<path fill="sym-stroke">
-0.6 -0.6 m
0.6 -0.6 l
0.6 0.6 l
-0.6 0.6 l
h
</path>
</symbol>
<symbol name="mark/fsquare(sfx)" transformations="translations">
<group>
<path fill="sym-fill">
-0.5 -0.5 m
0.5 -0.5 l
0.5 0.5 l
-0.5 0.5 l
h
</path>
<path fill="sym-stroke" fillrule="eofill">
-0.6 -0.6 m
0.6 -0.6 l
0.6 0.6 l
-0.6 0.6 l
h
-0.4 -0.4 m
0.4 -0.4 l
0.4 0.4 l
-0.4 0.4 l
h
</path>
</group>
</symbol>
<symbol name="mark/cross(sx)" transformations="translations">
<group>
<path fill="sym-stroke">
-0.43 -0.57 m
0.57 0.43 l
0.43 0.57 l
-0.57 -0.43 l
h
</path>
<path fill="sym-stroke">
-0.43 0.57 m
0.57 -0.43 l
0.43 -0.57 l
-0.57 0.43 l
h
</path>
</group>
</symbol>
<symbol name="arrow/fnormal(spx)">
<path stroke="sym-stroke" fill="white" pen="sym-pen">
0 0 m
-1 0.333 l
-1 -0.333 l
h
</path>
</symbol>
<symbol name="arrow/pointed(spx)">
<path stroke="sym-stroke" fill="sym-stroke" pen="sym-pen">
0 0 m
-1 0.333 l
-0.8 0 l
-1 -0.333 l
h
</path>
</symbol>
<symbol name="arrow/fpointed(spx)">
<path stroke="sym-stroke" fill="white" pen="sym-pen">
0 0 m
-1 0.333 l
-0.8 0 l
-1 -0.333 l
h
</path>
</symbol>
<symbol name="arrow/linear(spx)">
<path stroke="sym-stroke" pen="sym-pen">
-1 0.333 m
0 0 l
-1 -0.333 l
</path>
</symbol>
<symbol name="arrow/fdouble(spx)">
<path stroke="sym-stroke" fill="white" pen="sym-pen">
0 0 m
-1 0.333 l
-1 -0.333 l
h
-1 0 m
-2 0.333 l
-2 -0.333 l
h
</path>
</symbol>
<symbol name="arrow/double(spx)">
<path stroke="sym-stroke" fill="sym-stroke" pen="sym-pen">
0 0 m
-1 0.333 l
-1 -0.333 l
h
-1 0 m
-2 0.333 l
-2 -0.333 l
h
</path>
</symbol>
<symbol name="arrow/mid-normal(spx)">
<path stroke="sym-stroke" fill="sym-stroke" pen="sym-pen">
0.5 0 m
-0.5 0.333 l
-0.5 -0.333 l
h
</path>
</symbol>
<symbol name="arrow/mid-fnormal(spx)">
<path stroke="sym-stroke" fill="white" pen="sym-pen">
0.5 0 m
-0.5 0.333 l
-0.5 -0.333 l
h
</path>
</symbol>
<symbol name="arrow/mid-pointed(spx)">
<path stroke="sym-stroke" fill="sym-stroke" pen="sym-pen">
0.5 0 m
-0.5 0.333 l
-0.3 0 l
-0.5 -0.333 l
h
</path>
</symbol>
<symbol name="arrow/mid-fpointed(spx)">
<path stroke="sym-stroke" fill="white" pen="sym-pen">
0.5 0 m
-0.5 0.333 l
-0.3 0 l
-0.5 -0.333 l
h
</path>
</symbol>
<symbol name="arrow/mid-double(spx)">
<path stroke="sym-stroke" fill="sym-stroke" pen="sym-pen">
1 0 m
0 0.333 l
0 -0.333 l
h
0 0 m
-1 0.333 l
-1 -0.333 l
h
</path>
</symbol>
<symbol name="arrow/mid-fdouble(spx)">
<path stroke="sym-stroke" fill="white" pen="sym-pen">
1 0 m
0 0.333 l
0 -0.333 l
h
0 0 m
-1 0.333 l
-1 -0.333 l
h
</path>
</symbol>
<anglesize name="22.5 deg" value="22.5"/>
<anglesize name="30 deg" value="30"/>
<anglesize name="45 deg" value="45"/>
<anglesize name="60 deg" value="60"/>
<anglesize name="90 deg" value="90"/>
<arrowsize name="large" value="10"/>
<arrowsize name="small" value="5"/>
<arrowsize name="tiny" value="3"/>
<color name="blue" value="0 0 1"/>
<color name="brown" value="0.647 0.165 0.165"/>
<color name="darkblue" value="0 0 0.545"/>
<color name="darkcyan" value="0 0.545 0.545"/>
<color name="darkgray" value="0.663"/>
<color name="darkgreen" value="0 0.392 0"/>
<color name="darkmagenta" value="0.545 0 0.545"/>
<color name="darkorange" value="1 0.549 0"/>
<color name="darkred" value="0.545 0 0"/>
<color name="gold" value="1 0.843 0"/>
<color name="gray" value="0.745"/>
<color name="green" value="0 1 0"/>
<color name="lightblue" value="0.678 0.847 0.902"/>
<color name="lightcyan" value="0.878 1 1"/>
<color name="lightgray" value="0.827"/>
<color name="lightgreen" value="0.565 0.933 0.565"/>
<color name="lightyellow" value="1 1 0.878"/>
<color name="navy" value="0 0 0.502"/>
<color name="orange" value="1 0.647 0"/>
<color name="pink" value="1 0.753 0.796"/>
<color name="purple" value="0.627 0.125 0.941"/>
<color name="red" value="1 0 0"/>
<color name="seagreen" value="0.18 0.545 0.341"/>
<color name="turquoise" value="0.251 0.878 0.816"/>
<color name="violet" value="0.933 0.51 0.933"/>
<color name="yellow" value="1 1 0"/>
<dashstyle name="dash dot dotted" value="[4 2 1 2 1 2] 0"/>
<dashstyle name="dash dotted" value="[4 2 1 2] 0"/>
<dashstyle name="dashed" value="[4] 0"/>
<dashstyle name="dotted" value="[1 3] 0"/>
<gridsize name="10 pts (~3.5 mm)" value="10"/>
<gridsize name="14 pts (~5 mm)" value="14"/>
<gridsize name="16 pts (~6 mm)" value="16"/>
<gridsize name="20 pts (~7 mm)" value="20"/>
<gridsize name="28 pts (~10 mm)" value="28"/>
<gridsize name="32 pts (~12 mm)" value="32"/>
<gridsize name="4 pts" value="4"/>
<gridsize name="56 pts (~20 mm)" value="56"/>
<gridsize name="8 pts (~3 mm)" value="8"/>
<opacity name="10%" value="0.1"/>
<opacity name="30%" value="0.3"/>
<opacity name="50%" value="0.5"/>
<opacity name="75%" value="0.75"/>
<pen name="fat" value="1.2"/>
<pen name="heavier" value="0.8"/>
<pen name="ultrafat" value="2"/>
<symbolsize name="large" value="5"/>
<symbolsize name="small" value="2"/>
<symbolsize name="tiny" value="1.1"/>
<textsize name="Huge" value="\Huge"/>
<textsize name="LARGE" value="\LARGE"/>
<textsize name="Large" value="\Large"/>
<textsize name="footnote" value="\footnotesize"/>
<textsize name="huge" value="\huge"/>
<textsize name="large" value="\large"/>
<textsize name="small" value="\small"/>
<textsize name="tiny" value="\tiny"/>
<textstyle name="center" begin="\begin{center}" end="\end{center}"/>
<textstyle name="item" begin="\begin{itemize}\item{}" end="\end{itemize}"/>
<textstyle name="itemize" begin="\begin{itemize}" end="\end{itemize}"/>
<tiling name="falling" angle="-60" step="4" width="1"/>
<tiling name="rising" angle="30" step="4" width="1"/>
</ipestyle>
<page>
<layer name="alpha"/>
<layer name="GRID"/>
<view layers="alpha" active="alpha"/>
<path layer="alpha" matrix="1 0 0 0.644274 64 186.431" stroke="black">
128 752 m
128 704 l
208 704 l
208 752 l
h
</path>
<text matrix="7.77448 0 0 0.544862 -1385.06 298.352" transformations="translations" pos="208 656" stroke="black" type="label" width="25.19" height="8.895" depth="0" halign="center" valign="center" size="huge">car</text>
<path matrix="1 0 0 1 -0 0" stroke="black">
8.34402 0 0 8.34402 255.263 630.254 e
</path>
<path matrix="1 0 0 1 -47.3568 -0.639864" stroke="black">
8.34402 0 0 8.34402 255.263 630.254 e
</path>
<path matrix="1 0 0 1 -103.033 -8.31944" stroke="black" fill="black">
2.3074 0 0 2.3074 310.939 637.934 e
</path>
<path matrix="1 0 0 1 -56.3162 -8.31944" stroke="black" fill="black">
2.3074 0 0 2.3074 311.579 638.574 e
</path>
<group matrix="1.00151 -0.0127957 -0.11124 0.999918 74.0987 2.33984">
<path stroke="black" fill="black" arrow="normal/normal">
192.547 670.572 m
164.389 702.569 l
</path>
</group>
<path matrix="0.00212401 0.999998 -0.644273 0.00136845 804.713 494.409" stroke="black">
128 752 m
128 704 l
208 704 l
208 752 l
h
</path>
<text matrix="0.0165131 7.77446 -0.544861 0.00115729 689.714 -954.41" transformations="translations" pos="208 656" stroke="black" type="label" width="8.895" height="25.19" depth="0" halign="center" valign="center" size="huge">\rotatebox{90}{car}</text>
<path matrix="0.00212401 0.999998 -0.999998 0.00212401 991.008 430.014" stroke="black">
8.34402 0 0 8.34402 255.263 630.254 e
</path>
<path matrix="0.00212401 0.999998 -0.999998 0.00212401 991.547 382.655" stroke="black">
8.34402 0 0 8.34402 255.263 630.254 e
</path>
<path matrix="0.00212401 0.999998 -0.999998 0.00212401 999.108 326.963" stroke="black" fill="black">
2.3074 0 0 2.3074 310.939 637.934 e
</path>
<path matrix="0.00212401 0.999998 -0.999998 0.00212401 999.207 373.68" stroke="black" fill="black">
2.3074 0 0 2.3074 311.579 638.574 e
</path>
<group matrix="0.0149229 1.00148 -1.00015 -0.109116 988.825 504.117">
<path stroke="black" fill="black" arrow="normal/normal">
192.547 670.572 m
164.389 702.569 l
</path>
</group>
</page>
</ipe>
